name,type,length_m,start_lon,start_lat,end_lon,end_lat
University Avenue,tertiary,213,121.064311,14.654997,121.062334,14.654957
Osmeña Avenue,tertiary,20,121.064311,14.654997,121.064315,14.65482
Osmeña Avenue,tertiary,124,121.072755,14.656161,121.071607,14.656151
F. Ma. Guerrero Street,unclassified,155,121.072755,14.656161,121.072738,14.657556
M. Roxas Avenue,tertiary,327,121.068623,14.65387,121.07166,14.653913
A. Roces Senior Avenue,unclassified,153,121.068623,14.65387,121.068644,14.652492
A. Roces Senior Avenue,unclassified,251,121.068623,14.65387,121.068592,14.656126
Emilio Jacinto Street,residential,18,121.062334,14.654957,121.062333,14.654799
Emilio Jacinto Street,unclassified,221,121.062334,14.654957,121.062353,14.656944
University Avenue,tertiary,83,121.062334,14.654957,121.061565,14.654944
Shuster Street,tertiary,14,121.074282,14.65359,121.074147,14.65359
Katipunan Avenue,primary,461,121.074282,14.65359,121.074308,14.649449
Carlos P. Garcia Avenue,secondary,22,121.060241,14.647266,121.060085,14.647397
Magiting Street,tertiary,22,121.060241,14.647266,121.060131,14.647103
Carlos P. Garcia Avenue,secondary,28,121.060241,14.647266,121.060485,14.647174
Aguinaldo Street,residential,372,121.067873,14.647265,121.069763,14.644689
Carlos P. Garcia Avenue,secondary,220,121.067873,14.647265,121.065984,14.647984
Carlos P. Garcia Avenue,secondary,119,121.067873,14.647265,121.068968,14.647203
Carlos P. Garcia Avenue,secondary,18,121.058421,14.654892,121.058424,14.654732
University Avenue,secondary,329,121.058421,14.654892,121.055762,14.655297
Magsaysay Avenue,unclassified,13,121.074224,14.657565,121.074099,14.657563
Magsaysay Avenue,unclassified,31,121.074224,14.657565,121.074514,14.65757
Katipunan Avenue,primary,283,121.074224,14.657565,121.074236,14.655023
F. Agoncillo Street,unclassified,210,121.071606,14.657553,121.071606,14.659439
Magsaysay Avenue,unclassified,105,121.071606,14.657553,121.070628,14.657551
Magsaysay Avenue,unclassified,122,121.071606,14.657553,121.072738,14.657556
F. Agoncillo Street,unclassified,156,121.071606,14.657553,121.071607,14.656151
Osmeña Avenue,tertiary,536,121.068592,14.656126,121.064311,14.654997
A. Roces Senior Avenue,unclassified,251,121.068592,14.656126,121.068623,14.65387
A. Roces Senior Avenue,unclassified,158,121.068592,14.656126,121.068572,14.657549
Dagohoy Street,residential,139,121.0727,14.659802,121.07399,14.659837
Gomburza Street,residential,101,121.0727,14.659802,121.072551,14.660698
F. Ma. Guerrero Street,residential,39,121.0727,14.659802,121.072717,14.659448
Laurel Avenue,unclassified,208,121.068544,14.659417,121.070474,14.659427
A. Roces Senior Avenue,residential,29,121.068544,14.659417,121.068536,14.659674
A. Roces Senior Avenue,unclassified,18,121.068544,14.659417,121.06854,14.659256
F. Ma. Guerrero Street,unclassified,210,121.072717,14.659448,121.072738,14.657556
F. Ma. Guerrero Street,residential,39,121.072717,14.659448,121.0727,14.659802
Laurel Avenue,unclassified,120,121.072717,14.659448,121.071606,14.659439
J. Escaler Street,residential,347,121.074471,14.64501,121.074297,14.646332
J. Escaler Street,residential,347,121.074297,14.646332,121.074471,14.64501
Katipunan Avenue,primary,148,121.074297,14.646332,121.074471,14.64501
A. Maria Regidor Street,unclassified,113,121.0728,14.653571,121.07283,14.652558
Shuster Street,unclassified,145,121.0728,14.653571,121.074147,14.65359
A. Maria Regidor Street,unclassified,29,121.0728,14.653571,121.072773,14.653833
M. Roxas Avenue,tertiary,136,121.064315,14.65482,121.064957,14.653821
Emilio Jacinto Street,residential,18,121.062333,14.654799,121.062334,14.654957
University Avenue,tertiary,213,121.062333,14.654799,121.064315,14.65482
Emilio Jacinto Street,unclassified,204,121.062333,14.654799,121.062331,14.652964
University Avenue,tertiary,339,121.058424,14.654732,121.061572,14.654785
Carlos P. Garcia Avenue,secondary,407,121.058424,14.654732,121.059136,14.651137
Carlos P. Garcia Avenue,secondary,18,121.058424,14.654732,121.058421,14.654892
G. Apacible Street,unclassified,157,121.070628,14.657551,121.070634,14.656143
Magsaysay Avenue,unclassified,221,121.070628,14.657551,121.068572,14.657549
Magsaysay Avenue,unclassified,105,121.070628,14.657551,121.071606,14.657553
Dagohoy Street,residential,139,121.07399,14.659837,121.0727,14.659802
Dagohoy Street,residential,32,121.07399,14.659837,121.073991,14.659545
Dagohoy Street,residential,31,121.07399,14.659837,121.07399,14.660119
Saint Francis Street,residential,96,121.07399,14.659837,121.074882,14.65984
Dagohoy Street,residential,28,121.073994,14.659295,121.073991,14.659545
Dagohoy Street,residential,194,121.073994,14.659295,121.074099,14.657563
Unnamed Pathway,residential,29,121.074806,14.659293,121.074852,14.659548
Ricarte Street,residential,87,121.074806,14.659293,121.073994,14.659295
Unnamed Pathway,residential,38,121.074806,14.659293,121.074718,14.658964
Ricarte Street,residential,59,121.074806,14.659293,121.075354,14.659294
Unnamed Pathway,residential,26,121.074882,14.65984,121.074888,14.660071
Unnamed Pathway,residential,3,121.074882,14.65984,121.07488,14.659817
Saint Francis Street,residential,96,121.074882,14.65984,121.07399,14.659837
Unnamed Pathway,residential,7,121.074838,14.660653,121.074848,14.660591
Unnamed Pathway,residential,34,121.074838,14.660653,121.074774,14.66095
Dagohoy Street,residential,110,121.074838,14.660653,121.074012,14.660392
Quirino Avenue,unclassified,197,121.068644,14.652492,121.067004,14.651801
Quirino Avenue,unclassified,328,121.068644,14.652492,121.071692,14.652534
Velasquez Street,unclassified,600,121.068644,14.652492,121.068968,14.647203
A. Roces Senior Avenue,unclassified,153,121.068644,14.652492,121.068623,14.65387
F. Agoncillo Street,residential,40,121.071606,14.659439,121.071602,14.659797
Laurel Avenue,unclassified,120,121.071606,14.659439,121.072717,14.659448
Laurel Avenue,unclassified,106,121.071606,14.659439,121.070618,14.659428
Laurel Avenue,unclassified,15,121.070618,14.659428,121.070474,14.659427
G. Apacible Street,unclassified,209,121.070618,14.659428,121.070628,14.657551
Laurel Avenue,unclassified,106,121.070618,14.659428,121.071606,14.659439
Magsaysay Avenue,unclassified,221,121.068572,14.657549,121.070628,14.657551
A. Roces Senior Avenue,unclassified,158,121.068572,14.657549,121.068592,14.656126
Magsaysay Avenue,unclassified,175,121.068572,14.657549,121.066948,14.657561
A. Roces Senior Avenue,unclassified,190,121.068572,14.657549,121.06854,14.659256
A. Roces Senior Avenue,residential,76,121.068555,14.660854,121.068628,14.661532
A. Roces Senior Avenue,residential,31,121.068555,14.660854,121.068529,14.660574
M. Viola Street,residential,182,121.068555,14.660854,121.066865,14.660861
M. Viola Street,residential,208,121.068555,14.660854,121.070492,14.660837
A. Roces Senior Avenue,residential,37,121.068521,14.660237,121.068529,14.660574
A. Roces Senior Avenue,residential,12,121.068521,14.660237,121.068522,14.660129
G. Apacible Street,residential,70,121.070472,14.660209,121.070492,14.660837
P. Valenzuela Street,residential,210,121.070472,14.660209,121.068521,14.660237
G. Apacible Street,residential,70,121.070492,14.660837,121.070472,14.660209
G. Apacible Street,residential,122,121.070492,14.660837,121.070034,14.661802
M. Viola Street,residential,208,121.070492,14.660837,121.068555,14.660854
G. Apacible Street,residential,89,121.070034,14.661802,121.069993,14.662599
E. Aguinaldo Street,residential,149,121.070034,14.661802,121.068645,14.661763
G. Apacible Street,residential,122,121.070034,14.661802,121.070492,14.660837
E. Aguinaldo Street,residential,78,121.070034,14.661802,121.070761,14.661782
A. Roces Senior Avenue,residential,26,121.068628,14.661532,121.068645,14.661763
A. Roces Senior Avenue,residential,76,121.068628,14.661532,121.068555,14.660854
A. Bautista Street,residential,185,121.068628,14.661532,121.066918,14.661733
Juan Luna Street,residential,146,121.068656,14.662379,121.069993,14.662599
A. Roces Senior Avenue,residential,69,121.068656,14.662379,121.068645,14.661763
"Juan Luna Street, Balagtas Street",residential,228,121.068656,14.662379,121.066918,14.661733
Juan Luna Street,residential,146,121.069993,14.662599,121.068656,14.662379
G. Apacible Street,residential,89,121.069993,14.662599,121.070034,14.661802
Juan Luna Street,residential,139,121.069993,14.662599,121.071264,14.662835
E. Aguinaldo Street,residential,75,121.071317,14.662083,121.071994,14.662245
E. Aguinaldo Street,residential,69,121.071317,14.662083,121.070761,14.661782
Gomburza Street,residential,84,121.071317,14.662083,121.071264,14.662835
Gomburza Street,residential,71,121.071994,14.662245,121.072161,14.661632
E. Aguinaldo Street,residential,84,121.071994,14.662245,121.07277,14.66222
E. Aguinaldo Street,residential,75,121.071994,14.662245,121.071317,14.662083
Gomburza Street,residential,78,121.071994,14.662245,121.071763,14.662893
Osmeña Avenue,tertiary,105,121.071607,14.656151,121.070634,14.656143
F. Agoncillo Street,unclassified,156,121.071607,14.656151,121.071606,14.657553
Balagtas Street,residential,46,121.067099,14.659255,121.067094,14.659671
Balagtas Street,residential,190,121.067099,14.659255,121.066948,14.657561
Unnamed Pathway,residential,155,121.067099,14.659255,121.06854,14.659256
Balagtas Street,residential,50,121.067052,14.660122,121.066982,14.660565
Balagtas Street,residential,50,121.067052,14.660122,121.067094,14.659671
P. Valenzuela Street,residential,158,121.067052,14.660122,121.068522,14.660129
Balagtas Street,residential,35,121.066982,14.660565,121.066865,14.660861
Balagtas Street,residential,50,121.066982,14.660565,121.067052,14.660122
Bernardo Street,residential,166,121.066982,14.660565,121.068529,14.660574
Balagtas Street,residential,98,121.066865,14.660861,121.066918,14.661733
Balagtas Street,residential,35,121.066865,14.660861,121.066982,14.660565
M. Viola Street,residential,182,121.066865,14.660861,121.068555,14.660854
Unnamed Pathway,residential,155,121.06854,14.659256,121.067099,14.659255
A. Roces Senior Avenue,unclassified,190,121.06854,14.659256,121.068572,14.657549
A. Roces Senior Avenue,unclassified,18,121.06854,14.659256,121.068544,14.659417
Balagtas Street,residential,190,121.066948,14.657561,121.067099,14.659255
Magsaysay Avenue,unclassified,231,121.066948,14.657561,121.0648,14.657577
Magsaysay Avenue,unclassified,175,121.066948,14.657561,121.068572,14.657549
Emilio Jacinto Street,unclassified,241,121.062361,14.65769,121.063862,14.658992
Emilio Jacinto Street,unclassified,83,121.062361,14.65769,121.062353,14.656944
Magsaysay Avenue,unclassified,136,121.062361,14.65769,121.061094,14.657679
Magsaysay Avenue,unclassified,263,121.062361,14.65769,121.0648,14.657577
Ylanan Street,unclassified,157,121.0648,14.657577,121.064843,14.658988
Ylanan Street,unclassified,147,121.0648,14.657577,121.064773,14.656259
Magsaysay Avenue,unclassified,263,121.0648,14.657577,121.062361,14.65769
Magsaysay Avenue,unclassified,231,121.0648,14.657577,121.066948,14.657561
"Balagtas Street, Juan Luna Street",residential,228,121.066918,14.661733,121.068656,14.662379
Balagtas Street,residential,98,121.066918,14.661733,121.066865,14.660861
A. Bautista Street,residential,185,121.066918,14.661733,121.068628,14.661532
Gomburza Street,residential,71,121.072161,14.661632,121.071994,14.662245
Gomburza Street,residential,115,121.072161,14.661632,121.072551,14.660698
Mabini Street,residential,164,121.072161,14.661632,121.072226,14.660405
Mabini Street,residential,130,121.072161,14.661632,121.073304,14.661423
Aglipay Street,residential,95,121.072226,14.660405,121.071602,14.659797
Mabini Street,residential,164,121.072226,14.660405,121.072161,14.661632
Aglipay Street,residential,48,121.072226,14.660405,121.072551,14.660698
F. Agoncillo Street,residential,243,121.070761,14.661782,121.071602,14.659797
E. Aguinaldo Street,residential,69,121.070761,14.661782,121.071317,14.662083
E. Aguinaldo Street,residential,78,121.070761,14.661782,121.070034,14.661802
Juan Luna Street,residential,56,121.071264,14.662835,121.071763,14.662893
Juan Luna Street,residential,139,121.071264,14.662835,121.069993,14.662599
Gomburza Street,residential,84,121.071264,14.662835,121.071317,14.662083
Pook Palaris Street,residential,9,121.073141,14.662755,121.07321,14.662711
Pook Palaris Street,residential,9,121.073141,14.662755,121.07321,14.662711
Juan Luna Street,residential,24,121.073141,14.662755,121.072947,14.66287
E. Aguinaldo Street,residential,72,121.073141,14.662755,121.07277,14.66222
E. Aguinaldo Street,residential,84,121.07277,14.66222,121.071994,14.662245
E. Aguinaldo Street,residential,72,121.07277,14.66222,121.073141,14.662755
E. Aguinaldo Street,residential,78,121.07277,14.66222,121.073494,14.662184
Mabini Street,residential,130,121.073304,14.661423,121.072161,14.661632
Mabini Street,residential,71,121.073304,14.661423,121.073529,14.660867
Pook Palaris Street,residential,105,121.073304,14.661423,121.073494,14.662184
Gomburza Street,residential,115,121.072551,14.660698,121.072161,14.661632
Gomburza Street,residential,101,121.072551,14.660698,121.0727,14.659802
Aglipay Street,residential,48,121.072551,14.660698,121.072226,14.660405
Carlos P. Garcia Avenue,secondary,10,121.06429,14.64769,121.064384,14.64768
E. de los Reyes Street,unclassified,98,121.06429,14.64769,121.064326,14.648575
Carlos P. Garcia Avenue,secondary,210,121.06429,14.64769,121.062376,14.647355
Emilio Jacinto Street,unclassified,50,121.062325,14.650651,121.062324,14.6502
Village B,residential,224,121.062325,14.650651,121.064405,14.650648
Emilio Jacinto Street,unclassified,257,121.062325,14.650651,121.062331,14.652964
Emilio Jacinto Street,unclassified,50,121.062324,14.6502,121.062325,14.650651
Village B,residential,222,121.062324,14.6502,121.064388,14.650203
Emilio Jacinto Street,unclassified,66,121.062324,14.6502,121.062323,14.649605
Lakandula Street,unclassified,73,121.064495,14.653014,121.065169,14.65303
Lakandula Street,unclassified,233,121.064495,14.653014,121.062331,14.652964
E. de los Reyes Street,unclassified,263,121.064495,14.653014,121.064405,14.650648
Village B,residential,224,121.064405,14.650648,121.062325,14.650651
E. de los Reyes Street,unclassified,49,121.064405,14.650648,121.064388,14.650203
E. de los Reyes Street,unclassified,263,121.064405,14.650648,121.064495,14.653014
Village B,residential,222,121.064388,14.650203,121.062324,14.6502
E. de los Reyes Street,unclassified,118,121.064388,14.650203,121.064348,14.64914
E. de los Reyes Street,unclassified,49,121.064388,14.650203,121.064405,14.650648
Quirino Avenue,unclassified,197,121.067004,14.651801,121.068644,14.652492
T. M. Kalaw Street,unclassified,241,121.067004,14.651801,121.065169,14.65303
Quirino Avenue,unclassified,164,121.067004,14.651801,121.066821,14.650377
Quirino Avenue,unclassified,164,121.066821,14.650377,121.067004,14.651801
Pardo de Tavera Street,unclassified,305,121.066821,14.650377,121.065984,14.647984
E. de los Santos Street,unclassified,380,121.066821,14.650377,121.065169,14.65303
Emilio Jacinto Street,unclassified,257,121.062331,14.652964,121.062325,14.650651
Lakandula Street,unclassified,233,121.062331,14.652964,121.064495,14.653014
Emilio Jacinto Street,unclassified,204,121.062331,14.652964,121.062333,14.654799
Carlos P. Garcia Avenue,secondary,167,121.068968,14.647203,121.070519,14.647278
Carlos P. Garcia Avenue,secondary,119,121.068968,14.647203,121.067873,14.647265
Velasquez Street,unclassified,600,121.068968,14.647203,121.068644,14.652492
Aglipay Street,residential,95,121.071602,14.659797,121.072226,14.660405
F. Agoncillo Street,residential,243,121.071602,14.659797,121.070761,14.661782
F. Agoncillo Street,residential,40,121.071602,14.659797,121.071606,14.659439
Carlos P. Garcia Avenue,secondary,40,121.065029,14.647727,121.065388,14.647802
Carlos P. Garcia Avenue,secondary,41,121.065029,14.647727,121.064655,14.647683
Carlos P. Garcia Avenue,secondary,46,121.065388,14.647802,121.065781,14.647959
Carlos P. Garcia Avenue,secondary,40,121.065388,14.647802,121.065029,14.647727
C. V. Francisco Street,residential,365,121.065388,14.647802,121.065243,14.644526
V. Manansala Street,residential,69,121.064566,14.645155,121.064533,14.644533
E. Alonzo Street,residential,60,121.064566,14.645155,121.06401,14.645164
A. Malantic Street,residential,39,121.064533,14.644533,121.064895,14.644526
V. Manansala Street,residential,206,121.064533,14.644533,121.063661,14.643044
H. R. Ocampo Street,residential,356,121.064895,14.644526,121.065029,14.647727
A. Malantic Street,residential,37,121.064895,14.644526,121.065243,14.644526
A. Malantic Street,residential,39,121.064895,14.644526,121.064533,14.644533
A. Malantic Street,residential,37,121.065243,14.644526,121.064895,14.644526
C. V. Francisco Street,residential,284,121.065243,14.644526,121.064091,14.642477
Tiburcio Street,residential,39,121.063076,14.642629,121.062883,14.642929
V. Manansala Street,residential,100,121.063076,14.642629,121.062816,14.641988
S. Flores Street,residential,22,121.06301,14.641686,121.063119,14.641521
S. Flores Street,residential,40,121.06301,14.641686,121.062816,14.641988
C. V. Francisco Street,residential,146,121.064091,14.642477,121.06301,14.641686
D. Domingo Street,residential,39,121.064091,14.642477,121.063873,14.642759
D. Domingo Street,residential,39,121.063873,14.642759,121.064091,14.642477
D. Domingo Street,residential,39,121.063873,14.642759,121.063661,14.643044
H. R. Ocampo Street,residential,246,121.063873,14.642759,121.064895,14.644526
H. R. Ocampo Street,residential,142,121.062816,14.641988,121.063873,14.642759
D. Domingo Street,residential,39,121.063661,14.643044,121.063873,14.642759
V. Manansala Street,residential,78,121.063661,14.643044,121.063076,14.642629
Carlos P. Garcia Avenue,secondary,6,121.062323,14.647342,121.062376,14.647355
Carlos P. Garcia Avenue,secondary,162,121.062323,14.647342,121.060838,14.64713
V. Francisco Street,residential,76,121.062077,14.646858,121.062111,14.646181
B. Baluyot Street,residential,66,121.062077,14.646858,121.06269,14.646903
"Magiting Street, B. Baluyot Street",residential,133,121.062077,14.646858,121.060842,14.646863
B. Baluyot Street,residential,130,121.06269,14.646903,121.063822,14.647306
B. Baluyot Street,residential,66,121.06269,14.646903,121.062077,14.646858
Lieutenant J. Francisco Street,residential,240,121.063822,14.647306,121.06401,14.645164
B. Baluyot Street,residential,130,121.063822,14.647306,121.06269,14.646903
E. Alonzo Street,residential,60,121.06401,14.645164,121.064566,14.645155
Lieutenant J. Francisco Street,residential,81,121.06401,14.645164,121.06408,14.644436
P. Francisco Street,residential,71,121.06408,14.644436,121.063431,14.644346
Lieutenant J. Francisco Street,residential,18,121.06408,14.644436,121.064104,14.644272
P. Francisco Street,residential,46,121.062999,14.644342,121.062573,14.644326
Angeles Street,residential,124,121.06252,14.6452,121.061411,14.644896
V. Francisco Street,residential,109,121.06252,14.6452,121.062999,14.644342
E. Ramos Street,residential,82,121.062573,14.644326,121.06241,14.64361
P. Francisco Street,residential,121,121.062573,14.644326,121.061449,14.644314
V. Gonzales Street,residential,52,121.06241,14.64361,121.06193,14.643693
E. Ramos Street,residential,82,121.06241,14.64361,121.062573,14.644326
V. Gonzales Street,residential,45,121.06241,14.64361,121.062816,14.643573
Tiburcio Street,residential,78,121.062816,14.643573,121.062883,14.642929
Tiburcio Street,residential,98,121.062816,14.643573,121.063127,14.644338
V. Gonzales Street,residential,45,121.062816,14.643573,121.06241,14.64361
P. Francisco Street,residential,33,121.063431,14.644346,121.063127,14.644338
S. Salvador Street,residential,235,121.063431,14.644346,121.062829,14.646356
A. Roces Senior Avenue,residential,31,121.068529,14.660574,121.068555,14.660854
A. Roces Senior Avenue,residential,37,121.068529,14.660574,121.068521,14.660237
Bernardo Street,residential,166,121.068529,14.660574,121.066982,14.660565
Xavierville Avenue,secondary,33,121.063944,14.635737,121.064249,14.635794
Pajo Street,residential,64,121.063944,14.635737,121.063723,14.636211
Maginhawa Street,tertiary,236,121.059022,14.646478,121.060878,14.645501
Magiting Street,residential,72,121.059022,14.646478,121.058828,14.645856
Malinis Street,residential,63,121.054987,14.651009,121.055571,14.650967
Matiwasay Street,residential,75,121.054987,14.651009,121.05506,14.651678
Magiting Street,tertiary,115,121.059943,14.646893,121.059022,14.646478
Maginhawa Street,tertiary,76,121.05506,14.651678,121.055758,14.651579
Maginhawa Street,tertiary,70,121.05506,14.651678,121.054408,14.651739
Mahiyain Street,residential,107,121.059466,14.64507,121.059747,14.644204
Mahiyain Street,residential,93,121.059466,14.64507,121.058644,14.645321
Magiting Street,residential,63,121.058644,14.645321,121.058828,14.645856
Mahiyain Street,residential,93,121.058644,14.645321,121.059466,14.64507
Maginhawa Street,tertiary,95,121.053534,14.651652,121.054408,14.651739
Masaya Street,tertiary,221,121.053534,14.651652,121.052559,14.65331
J. P. Laurel Street,residential,19,121.064816,14.636007,121.064852,14.635844
Xavierville Avenue,secondary,66,121.064816,14.636007,121.065391,14.636219
Xavierville Avenue,secondary,65,121.064816,14.636007,121.064249,14.635794
Xavierville Avenue,secondary,66,121.065391,14.636219,121.064816,14.636007
Katipunan Avenue,primary,104,121.074308,14.649449,121.074306,14.648511
Unnamed Pathway,primary_link,19,121.074308,14.649449,121.074476,14.649434
Katipunan Avenue,primary,454,121.074476,14.649434,121.074513,14.653509
Carlos P. Garcia Avenue,secondary,20,121.074493,14.648336,121.074308,14.648335
Katipunan Avenue,primary,122,121.074493,14.648336,121.074476,14.649434
Katipunan Avenue,primary,65,121.074483,14.646348,121.074471,14.646928
Pajo Street,residential,55,121.064052,14.635256,121.063944,14.635737
Durian Street,residential,53,121.064052,14.635256,121.063585,14.635108
Laurel Avenue,unclassified,208,121.070474,14.659427,121.068544,14.659417
Laurel Avenue,unclassified,15,121.070474,14.659427,121.070618,14.659428
G. Apacible Street,residential,87,121.070474,14.659427,121.070472,14.660209
Ibanag Street,residential,134,121.07571,14.647422,121.07554,14.646248
Ibanag Street,residential,128,121.07571,14.647422,121.075727,14.648574
A. D. Williams Street,residential,99,121.077962,14.653639,121.077236,14.653099
Mactan Street,unclassified,10,121.076579,14.659957,121.07667,14.659987
Mactan Street,unclassified,39,121.076579,14.659957,121.076274,14.659773
Saddlebrook Street,residential,8,121.07662,14.660039,121.07667,14.659987
Saddlebrook Street,residential,18,121.07662,14.660039,121.076503,14.660155
Mactan Street,unclassified,10,121.07662,14.660039,121.076579,14.659957
Pansol Avenue,residential,62,121.077297,14.650325,121.077701,14.650723
N. Perez Street,residential,57,121.077297,14.650325,121.076875,14.650637
Pansol Avenue,residential,258,121.077297,14.650325,121.075632,14.648653
N. Perez Street,residential,268,121.076875,14.650637,121.076932,14.652627
N. Perez Street,residential,57,121.076875,14.650637,121.077297,14.650325
N. Perez Street,residential,268,121.076932,14.652627,121.076875,14.650637
Visayas Avenue,secondary,140,121.04493,14.658748,121.045387,14.65757
Road 10,residential,53,121.04493,14.658748,121.044467,14.658598
Road 1,secondary,74,121.044643,14.659759,121.043967,14.659617
Road 1,secondary,14,121.044643,14.659759,121.044771,14.659786
Visayas Avenue,secondary,117,121.044643,14.659759,121.04493,14.658748
Road 8,tertiary,12,121.043914,14.662953,121.044027,14.662972
Visayas Avenue,secondary,142,121.043914,14.662953,121.0442,14.661711
Alley 18,residential,60,121.042782,14.661762,121.043333,14.661691
Road 8,tertiary,12,121.044027,14.662972,121.043914,14.662953
Road 1,secondary,14,121.044771,14.659786,121.044643,14.659759
Visayas Avenue,secondary,170,121.044771,14.659786,121.044419,14.661277
Road 1,secondary,5,121.043925,14.65961,121.043967,14.659617
Road 3,tertiary,66,121.043925,14.65961,121.043796,14.660193
"L. Abenojar Street, San Agustin Street",residential,317,121.05488,14.662043,121.053705,14.663625
Central Avenue,secondary,160,121.05488,14.662043,121.053393,14.662075
Central Avenue,secondary,246,121.05488,14.662043,121.057165,14.661993
Masinsinan Street,tertiary,152,121.060878,14.645501,121.060842,14.646863
Maginhawa Street,tertiary,136,121.060878,14.645501,121.060973,14.644281
Mapagkumbaba Street,residential,115,121.061375,14.639086,121.062442,14.639146
Maginhawa Street,tertiary,223,121.061375,14.639086,121.061534,14.637083
Mapagkumbaba Street,residential,72,121.061375,14.639086,121.060706,14.639033
Maginhawa Street,tertiary,238,121.061375,14.639086,121.061185,14.64122
Masinsinan Street,tertiary,30,121.060842,14.646863,121.060838,14.64713
"Magiting Street, B. Baluyot Street",residential,133,121.060842,14.646863,121.062077,14.646858
Magiting Street,residential,97,121.060842,14.646863,121.059943,14.646893
Mapagkumbaba Street,residential,62,121.060135,14.638988,121.060706,14.639033
Mahiyain Street,residential,240,121.060135,14.638988,121.059974,14.641142
Mapagkumbaba Street,residential,62,121.060706,14.639033,121.060135,14.638988
Mapagkumbaba Street,residential,72,121.060706,14.639033,121.061375,14.639086
Matimtiman Street,residential,239,121.060706,14.639033,121.06054,14.641177
"Matimtiman Street, Maamo Street",residential,293,121.060706,14.639033,121.060299,14.636773
Magiting Street,residential,63,121.058828,14.645856,121.058644,14.645321
Magiting Street,residential,72,121.058828,14.645856,121.059022,14.646478
Matimtiman Street,residential,283,121.058828,14.645856,121.060322,14.644248
Mahiyain Street,residential,61,121.059892,14.642248,121.059931,14.641701
Mahiyain Street,residential,73,121.059892,14.642248,121.059846,14.642899
Malingap Street,tertiary,70,121.06106,14.64298,121.06041,14.642938
Maginhawa Street,tertiary,196,121.06106,14.64298,121.061185,14.64122
Maginhawa Street,tertiary,145,121.06106,14.64298,121.060973,14.644281
Malingap Street,tertiary,61,121.06041,14.642938,121.059846,14.642899
Malingap Street,tertiary,70,121.06041,14.642938,121.06106,14.64298
Matimtiman Street,residential,196,121.06041,14.642938,121.06054,14.641177
Malingap Street,tertiary,61,121.059846,14.642899,121.06041,14.642938
Mahiyain Street,residential,73,121.059846,14.642899,121.059892,14.642248
Mahiyain Street,residential,66,121.059846,14.642899,121.059796,14.643491
Mahiyain Street,residential,62,121.059931,14.641701,121.059974,14.641142
Mahiyain Street,residential,61,121.059931,14.641701,121.059892,14.642248
Maningning Street,residential,14,121.059931,14.641701,121.059801,14.64169
Mahiyain Street,residential,79,121.059796,14.643491,121.059747,14.644204
Mahiyain Street,residential,66,121.059796,14.643491,121.059846,14.642899
Mahabagin Street,residential,62,121.059747,14.644204,121.060322,14.644248
Mahiyain Street,residential,79,121.059747,14.644204,121.059796,14.643491
Mahiyain Street,residential,107,121.059747,14.644204,121.059466,14.64507
Antipolo Street,residential,61,121.062292,14.640569,121.062253,14.641113
Antipolo Street,residential,159,121.062292,14.640569,121.062442,14.639146
S. Flores Street,residential,143,121.062292,14.640569,121.06343,14.641068
Mapagkumbaba Street,residential,115,121.062442,14.639146,121.061375,14.639086
Mapagkumbaba Street,residential,124,121.062442,14.639146,121.063576,14.639264
Antipolo Street,residential,159,121.062442,14.639146,121.062292,14.640569
Madasalin Street,residential,61,121.059974,14.641142,121.06054,14.641177
Mahiyain Street,residential,62,121.059974,14.641142,121.059931,14.641701
Madasalin Street,residential,61,121.06054,14.641177,121.059974,14.641142
Matimtiman Street,residential,196,121.06054,14.641177,121.06041,14.642938
Matimtiman Street,residential,239,121.06054,14.641177,121.060706,14.639033
Madasalin Street,residential,69,121.06054,14.641177,121.061185,14.64122
Unnamed Pathway,residential,13,121.054592,14.653957,121.054648,14.653852
Unnamed Pathway,residential,69,121.054592,14.653957,121.055025,14.654372
University Avenue,secondary,369,121.055025,14.654372,121.058424,14.654732
Lands Street,residential,78,121.045498,14.657618,121.046182,14.65785
Visayas Avenue,secondary,254,121.045498,14.657618,121.044771,14.659786
"DANR Street, Lands Street",residential,13,121.045498,14.657618,121.045387,14.65757
Lands Street,residential,66,121.046182,14.65785,121.046764,14.658047
Forestry Street,residential,204,121.046182,14.65785,121.045623,14.659607
Lands Street,residential,78,121.046182,14.65785,121.045498,14.657618
Lands Street,residential,44,121.04715,14.658178,121.046764,14.658047
Lucena Street,residential,132,121.048294,14.6587,121.047155,14.659147
Cotabato Street,residential,58,121.048294,14.6587,121.048499,14.659185
Cotabato Street,residential,72,121.048294,14.6587,121.047858,14.658376
Lucena Street,residential,132,121.047155,14.659147,121.048294,14.6587
Tagbilaran Street,residential,58,121.047155,14.659147,121.047351,14.659636
Lucena Street,residential,62,121.047155,14.659147,121.046612,14.659325
Tagbilaran Street,residential,75,121.047898,14.661149,121.047667,14.660516
"Tagbilaran Street, Tagbilaran Extension",residential,136,121.047898,14.661149,121.047333,14.661843
Tacloban Street,residential,106,121.047898,14.661149,121.046962,14.661428
Naga Street,residential,54,121.046382,14.660003,121.046849,14.659825
Dipolog Street,residential,119,121.046382,14.660003,121.046786,14.661004
Dipolog Street,residential,66,121.046382,14.660003,121.046149,14.659451
Tagbilaran Street,residential,46,121.047351,14.659636,121.047498,14.660021
Tagbilaran Street,residential,58,121.047351,14.659636,121.047155,14.659147
Naga Street,residential,133,121.047351,14.659636,121.048499,14.659185
Naga Street,residential,58,121.047351,14.659636,121.046849,14.659825
Naga Street,residential,133,121.048499,14.659185,121.047351,14.659636
Cotabato Street,residential,58,121.048499,14.659185,121.048294,14.6587
Cotabato Street,residential,46,121.048499,14.659185,121.048685,14.659562
Naga Street,residential,186,121.048499,14.659185,121.050074,14.658496
Zamboanga Street,residential,42,121.050074,14.658496,121.050299,14.658806
Naga Street,residential,186,121.050074,14.658496,121.048499,14.659185
Zamboanga Street,residential,199,121.050074,14.658496,121.049108,14.656974
Zamboanga Street,residential,36,121.050766,14.659434,121.05057,14.659177
Zamboanga Street,residential,42,121.050299,14.658806,121.050074,14.658496
Zamboanga Street,residential,51,121.050299,14.658806,121.05057,14.659177
Legazpi Street,residential,193,121.050299,14.658806,121.048703,14.659596
Zamboanga Street,residential,199,121.049108,14.656974,121.050074,14.658496
Cotabato Street,residential,46,121.048685,14.659562,121.048499,14.659185
Cotabato Street,residential,4,121.048685,14.659562,121.048703,14.659596
Legazpi Street,residential,138,121.048685,14.659562,121.047498,14.660021
Tagbilaran Street,residential,58,121.047498,14.660021,121.047667,14.660516
Tagbilaran Street,residential,46,121.047498,14.660021,121.047351,14.659636
Legazpi Street,residential,138,121.047498,14.660021,121.048685,14.659562
Road 10,residential,53,121.044467,14.658598,121.04493,14.658748
Road 3,tertiary,57,121.043689,14.660697,121.043796,14.660193
Road 3,tertiary,138,121.043689,14.660697,121.04341,14.661904
Cotabato Street,residential,8,121.049166,14.660497,121.049196,14.660566
Cotabato Street,residential,62,121.049166,14.660497,121.048912,14.659993
Dumaguete Street,residential,105,121.049166,14.660497,121.050001,14.660004
Maginhawa Street,tertiary,223,121.061534,14.637083,121.061375,14.639086
Makadios Street,residential,145,121.061534,14.637083,121.062884,14.637155
Maginhawa Street,tertiary,89,121.061534,14.637083,121.061275,14.636351
Mahiyain Street,residential,118,121.060226,14.63793,121.060135,14.638988
Evangelista Street,residential,59,121.064115,14.63631,121.064249,14.635794
Maginhawa Street,tertiary,89,121.061275,14.636351,121.061534,14.637083
Mahiyain Street,residential,65,121.060261,14.637344,121.060226,14.63793
Mahiyain Street,residential,64,121.060299,14.636773,121.060261,14.637344
"Matimtiman Street, Maamo Street",residential,293,121.060299,14.636773,121.060706,14.639033
Road 1,residential,123,121.070029,14.662923,121.069928,14.664024
Vic Valley Street,residential,9,121.071974,14.664311,121.071983,14.664226
Unnamed Pathway,primary_link,79,121.071974,14.664311,121.072662,14.664077
Road 2,residential,127,121.070747,14.663089,121.070612,14.664221
Tandang Sora Avenue,residential,77,121.070612,14.664221,121.069928,14.664024
Road 2,residential,127,121.070612,14.664221,121.070747,14.663089
Tandang Sora Avenue,residential,72,121.070612,14.664221,121.071254,14.664407
Maayusin Street,residential,62,121.057611,14.648885,121.057521,14.649435
Marilag Street,residential,35,121.056299,14.651672,121.056153,14.651395
Marilag Street,residential,76,121.056299,14.651672,121.05699,14.651768
Maalindog Street,residential,285,121.057521,14.649435,121.057288,14.650947
Maayusin Street,residential,170,121.057521,14.649435,121.057288,14.650947
Malinis Street,residential,63,121.055571,14.650967,121.054987,14.651009
Maalindog Street,residential,285,121.057288,14.650947,121.057521,14.649435
Maayusin Street,residential,89,121.057288,14.650947,121.056984,14.651678
Maayusin Street,residential,10,121.05699,14.651768,121.056984,14.651678
Maayusin Extension,residential,36,121.05699,14.651768,121.057007,14.652092
Marilag Street,residential,8,121.05699,14.651768,121.057067,14.651755
Marilag Street,residential,76,121.05699,14.651768,121.056299,14.651672
Pansol Avenue,residential,115,121.075632,14.648653,121.074874,14.647926
Pansol Avenue,residential,14,121.075632,14.648653,121.075727,14.648574
Mines Street,residential,35,121.046149,14.659451,121.045866,14.659607
Mines Street,residential,172,121.046149,14.659451,121.046764,14.658047
Dipolog Street,residential,66,121.046149,14.659451,121.046382,14.660003
Alley 18,residential,60,121.043333,14.661691,121.042782,14.661762
Road 9,residential,25,121.043333,14.661691,121.04341,14.661904
Road 9,residential,70,121.043333,14.661691,121.043155,14.661093
Dipolog Street,residential,51,121.046962,14.661428,121.046786,14.661004
Tacloban Street,residential,166,121.046962,14.661428,121.045465,14.66175
Tacloban Street,residential,106,121.046962,14.661428,121.047898,14.661149
"Tagbilaran Street, Tagbilaran Extension",residential,136,121.047333,14.661843,121.047898,14.661149
Road 9,residential,70,121.043155,14.661093,121.043333,14.661691
Forestry Street,residential,92,121.045623,14.659607,121.045374,14.660397
Forestry Street,residential,204,121.045623,14.659607,121.046182,14.65785
Mines Street,residential,27,121.045623,14.659607,121.045866,14.659607
Tagbilaran Street,residential,75,121.047667,14.660516,121.047898,14.661149
Tagbilaran Street,residential,58,121.047667,14.660516,121.047498,14.660021
Cebu Street,residential,146,121.047667,14.660516,121.048912,14.659993
Lands Street,residential,44,121.046764,14.658047,121.04715,14.658178
Lands Street,residential,66,121.046764,14.658047,121.046182,14.65785
Mines Street,residential,172,121.046764,14.658047,121.046149,14.659451
Zamboanga Street,residential,51,121.05057,14.659177,121.050299,14.658806
Zamboanga Street,residential,36,121.05057,14.659177,121.050766,14.659434
Cebu Street,residential,200,121.05057,14.659177,121.048912,14.659993
Forestry Street,residential,97,121.045118,14.660859,121.044419,14.661277
Forestry Street,residential,59,121.045118,14.660859,121.045374,14.660397
Forestry Street Extension,residential,11,121.045118,14.660859,121.045214,14.6609
Road 3,tertiary,66,121.043796,14.660193,121.043925,14.65961
Road 3,tertiary,57,121.043796,14.660193,121.043689,14.660697
Cotabato Street,residential,49,121.048912,14.659993,121.048703,14.659596
Cotabato Street,residential,62,121.048912,14.659993,121.049166,14.660497
Cebu Street,residential,146,121.048912,14.659993,121.047667,14.660516
Cebu Street,residential,200,121.048912,14.659993,121.05057,14.659177
Roxas Street,residential,140,121.04733,14.660993,121.046849,14.659825
Naga Street,residential,58,121.046849,14.659825,121.047351,14.659636
Naga Street,residential,54,121.046849,14.659825,121.046382,14.660003
Roxas Street,residential,140,121.046849,14.659825,121.04733,14.660993
Road 3,tertiary,44,121.043319,14.662293,121.04341,14.661904
Ylanan Street,unclassified,239,121.064843,14.658988,121.064342,14.66101
Ylanan Street,unclassified,157,121.064843,14.658988,121.0648,14.657577
Emilio Jacinto Street,unclassified,221,121.062353,14.656944,121.062334,14.654957
Emilio Jacinto Street,unclassified,83,121.062353,14.656944,121.062361,14.65769
R. P. de Guzman Street,unclassified,135,121.062353,14.656944,121.061102,14.656945
R. P. de Guzman Street,unclassified,82,121.061102,14.656945,121.061094,14.657679
R. P. de Guzman Street,unclassified,34,121.061102,14.656945,121.060783,14.656936
R. P. de Guzman Street,unclassified,135,121.061102,14.656945,121.062353,14.656944
R. P. de Guzman Street,unclassified,82,121.061094,14.657679,121.061102,14.656945
Magsaysay Avenue,unclassified,136,121.061094,14.657679,121.062361,14.65769
Magsaysay Avenue,unclassified,145,121.061094,14.657679,121.059941,14.658079
Carlos P. Garcia Avenue,secondary,22,121.060085,14.647397,121.060241,14.647266
Carlos P. Garcia Avenue,secondary,432,121.060085,14.647397,121.059136,14.651137
Unnamed Pathway,secondary_link,34,121.060085,14.647397,121.060131,14.647103
Katipunan Avenue,primary,42,121.074303,14.648054,121.074296,14.647677
Makadios Street,residential,16,121.062884,14.637155,121.06303,14.637151
Unnamed Pathway,unclassified,18,121.062884,14.637155,121.062876,14.637314
Makadios Street,residential,145,121.062884,14.637155,121.061534,14.637083
Katipunan Avenue,primary,10,121.074513,14.653509,121.074517,14.653599
H. Ventura Street,tertiary,156,121.074513,14.653509,121.075955,14.653383
Carlos P. Garcia Avenue,secondary,137,121.073122,14.648255,121.074303,14.648054
Carlos P. Garcia Avenue,secondary,307,121.073122,14.648255,121.070519,14.647278
Carlos P. Garcia Avenue,secondary,10,121.064384,14.64768,121.06429,14.64769
Carlos P. Garcia Avenue,secondary,29,121.064384,14.64768,121.064655,14.647683
B. Baluyot Street,residential,75,121.064384,14.64768,121.063822,14.647306
Carlos P. Garcia Avenue,secondary,17,121.074308,14.648335,121.07415,14.648335
Katipunan Avenue,primary,6,121.074308,14.648335,121.074307,14.64828
Emilio Jacinto Street,unclassified,105,121.063862,14.658992,121.064843,14.658988
Unnamed Pathway,unclassified,113,121.063862,14.658992,121.064531,14.658624
A. Maria Regidor Street,unclassified,17,121.07266,14.653933,121.072773,14.653833
M. Roxas Avenue,tertiary,21,121.07266,14.653933,121.072824,14.654024
A. Roces Senior Avenue,residential,12,121.068522,14.660129,121.068521,14.660237
P. Valenzuela Street,residential,158,121.068522,14.660129,121.067052,14.660122
A. Roces Senior Avenue,residential,51,121.068522,14.660129,121.068536,14.659674
Xavierville Avenue,secondary,33,121.064249,14.635794,121.063944,14.635737
Xavierville Avenue,secondary,65,121.064249,14.635794,121.064816,14.636007
Evangelista Street,residential,59,121.064249,14.635794,121.064115,14.63631
Lakandula Street,unclassified,73,121.065169,14.65303,121.064495,14.653014
T. M. Kalaw Street,unclassified,241,121.065169,14.65303,121.067004,14.651801
E. de los Santos Street,unclassified,380,121.065169,14.65303,121.066821,14.650377
E. de los Santos Street,unclassified,76,121.065169,14.65303,121.06487,14.65365
"DANR Street, Lands Street",residential,13,121.045387,14.65757,121.045498,14.657618
A. Maria Regidor Street,unclassified,113,121.07283,14.652558,121.0728,14.653571
A. Maria Regidor Street,unclassified,166,121.07283,14.652558,121.072011,14.651414
Quirino Avenue,unclassified,141,121.07283,14.652558,121.07414,14.652584
Quirino Avenue,unclassified,122,121.07283,14.652558,121.071692,14.652534
Balagtas Street,residential,50,121.067094,14.659671,121.067052,14.660122
Balagtas Street,residential,46,121.067094,14.659671,121.067099,14.659255
Jose Paciano Laurel Street,residential,155,121.068536,14.659674,121.067094,14.659671
A. Roces Senior Avenue,residential,51,121.068536,14.659674,121.068522,14.660129
A. Roces Senior Avenue,residential,29,121.068536,14.659674,121.068544,14.659417
Daan Tubo,residential,365,121.07428,14.647055,121.071789,14.644979
Katipunan Avenue,primary,81,121.07428,14.647055,121.074297,14.646332
Commonwealth Avenue,primary,58,121.051969,14.653285,121.051468,14.653117
Unnamed Pathway,primary_link,30,121.051969,14.653285,121.052111,14.653053
Commonwealth Avenue,primary,801,121.064338,14.661509,121.058196,14.657443
Makadios Street,residential,16,121.06303,14.637151,121.062884,14.637155
Makadios Street,residential,41,121.06303,14.637151,121.063413,14.637116
V. Luna Road Extension,residential,219,121.06303,14.637151,121.061275,14.636351
Mapagkumbaba Street,residential,119,121.064382,14.63998,121.063576,14.639264
Mapagkumbaba Street,residential,565,121.064382,14.63998,121.064382,14.63998
Maayusin Extension,residential,29,121.056976,14.652455,121.056939,14.652715
Lourdes Street,residential,133,121.056976,14.652455,121.055748,14.652327
Maayusin Extension,residential,41,121.056976,14.652455,121.057007,14.652092
Maginhawa Street,tertiary,47,121.056153,14.651395,121.055758,14.651579
Visayas Avenue,secondary,141,121.044313,14.661735,121.044027,14.662972
Fisheries Street,tertiary,12,121.0442,14.661711,121.044313,14.661735
Visayas Avenue,secondary,222,121.0442,14.661711,121.044643,14.659759
Forestry Street,residential,97,121.044419,14.661277,121.045118,14.660859
Visayas Avenue,secondary,21,121.044419,14.661277,121.044376,14.661465
Saint Joseph Street,residential,93,121.059753,14.662765,121.059749,14.661924
Saint Joseph Street,residential,77,121.059753,14.662765,121.059741,14.663462
Redeemer Road,unclassified,81,121.059753,14.662765,121.059005,14.662749
"Redeemer Street, Redeemer Road",unclassified,202,121.059753,14.662765,121.060933,14.663629
Central Avenue,secondary,210,121.053393,14.662075,121.051439,14.662109
Central Avenue,secondary,160,121.053393,14.662075,121.05488,14.662043
Forestside Villas Street,residential,7,121.053393,14.662075,121.053396,14.66214
Tacloban Street,residential,166,121.045465,14.66175,121.046962,14.661428
Central Avenue,secondary,89,121.045465,14.66175,121.044653,14.661582
Central Avenue,secondary,649,121.045465,14.66175,121.051439,14.662109
Lourdes Street,residential,133,121.055748,14.652327,121.056976,14.652455
Unnamed Pathway,residential,102,121.056002,14.653314,121.055167,14.652876
Unnamed Pathway,residential,88,121.056002,14.653314,121.056613,14.653657
Unnamed Pathway,residential,75,121.056002,14.653314,121.055687,14.653914
Unnamed Pathway,residential,73,121.056287,14.65421,121.055687,14.653914
Unnamed Pathway,residential,127,121.053947,14.652677,121.054981,14.653225
Unnamed Pathway,residential,73,121.055687,14.653914,121.056287,14.65421
Unnamed Pathway,residential,103,121.055687,14.653914,121.054853,14.653467
Unnamed Pathway,residential,75,121.055687,14.653914,121.056002,14.653314
Unnamed Pathway,residential,30,121.055293,14.65264,121.055167,14.652876
Unnamed Pathway,residential,30,121.054853,14.653467,121.054981,14.653225
Unnamed Pathway,residential,48,121.054853,14.653467,121.054648,14.653852
Unnamed Pathway,residential,103,121.054853,14.653467,121.055687,14.653914
Kalaw Hill,residential,5,121.066627,14.663347,121.066653,14.663311
Unnamed Pathway,residential,38,121.074718,14.658964,121.074806,14.659293
Dagohoy Street,residential,28,121.073991,14.659545,121.073994,14.659295
Dagohoy Street,residential,32,121.073991,14.659545,121.07399,14.659837
Dagohoy Street,residential,31,121.07399,14.660119,121.07399,14.659837
Dagohoy Street,residential,30,121.07399,14.660119,121.074012,14.660392
Fatima Street,residential,54,121.075376,14.660337,121.074877,14.660331
Unnamed Pathway,residential,30,121.074852,14.659548,121.07488,14.659817
Unnamed Pathway,residential,29,121.074852,14.659548,121.074806,14.659293
Santo Niño Street,residential,93,121.074852,14.659548,121.073991,14.659545
Santo Niño Street,residential,51,121.074852,14.659548,121.075324,14.659539
Unnamed Pathway,residential,22,121.074887,14.660135,121.074877,14.660331
Unnamed Pathway,residential,7,121.074887,14.660135,121.074888,14.660071
Kristong Hari Street,residential,97,121.074887,14.660135,121.07399,14.660119
Plaza Street,residential,20,121.07706,14.65123,121.077211,14.651132
Santo Niño Street,residential,51,121.075324,14.659539,121.074852,14.659548
Unnamed Pathway,residential,21,121.074872,14.6604,121.074848,14.660591
Unnamed Pathway,residential,8,121.074872,14.6604,121.074877,14.660331
Fatima Street,residential,92,121.074872,14.6604,121.074012,14.660392
Dagohoy Street,residential,30,121.074012,14.660392,121.07399,14.660119
Unnamed Pathway,residential,7,121.074888,14.660071,121.074887,14.660135
Unnamed Pathway,residential,26,121.074888,14.660071,121.074882,14.65984
Kristong Hari Street,residential,64,121.074888,14.660071,121.07548,14.660067
Plaza Street,residential,18,121.07782,14.65061,121.077701,14.650723
Pansol Avenue,residential,62,121.077701,14.650723,121.077297,14.650325
Plaza Street,residential,70,121.077701,14.650723,121.077211,14.651132
Saint Francis Street,residential,81,121.075634,14.659811,121.07488,14.659817
Kristong Hari Street,residential,64,121.07548,14.660067,121.074888,14.660071
Unnamed Pathway,residential,8,121.074877,14.660331,121.074872,14.6604
Unnamed Pathway,residential,22,121.074877,14.660331,121.074887,14.660135
Fatima Street,residential,54,121.074877,14.660331,121.075376,14.660337
Saint Joseph Street,residential,77,121.059741,14.663462,121.059753,14.662765
Saint Peter Street,unclassified,131,121.059741,14.663462,121.060933,14.663629
Redeemer Road,unclassified,81,121.059005,14.662749,121.059753,14.662765
Saint Mary Street,residential,41,121.059005,14.662749,121.05898,14.662381
Redeemer Road,unclassified,63,121.059005,14.662749,121.058478,14.662579
"Redeemer Street, Redeemer Road",unclassified,202,121.060933,14.663629,121.059753,14.662765
Saint Peter Street,unclassified,131,121.060933,14.663629,121.059741,14.663462
San Agustin Street,residential,32,121.053705,14.663625,121.053494,14.663418
"L. Abenojar Street, San Agustin Street",residential,317,121.053705,14.663625,121.05488,14.662043
Commonwealth Avenue,primary,73,121.064887,14.661894,121.064338,14.661509
Central Avenue,secondary,75,121.064887,14.661894,121.0642,14.661837
Saddlebrook Street,residential,18,121.076503,14.660155,121.07662,14.660039
Unnamed Pathway,residential,124,121.051473,14.654904,121.052434,14.65454
Unnamed Pathway,primary_link,95,121.074539,14.654311,121.074249,14.654668
Katipunan Avenue,primary,152,121.074539,14.654311,121.074561,14.655671
Katipunan Avenue,primary,211,121.074561,14.655671,121.074514,14.65757
Katipunan Avenue,primary,40,121.074236,14.655023,121.074249,14.654668
Unnamed Pathway,primary_link,111,121.074236,14.655023,121.074561,14.655671
Katipunan Avenue,primary,120,121.074249,14.654668,121.074282,14.65359
Commonwealth Avenue,primary,445,121.05768,14.657127,121.054227,14.654916
Maayusin Extension,residential,106,121.056932,14.653657,121.056939,14.652715
S. Flores Street,residential,22,121.063119,14.641521,121.06301,14.641686
Kabalitang Street,residential,114,121.063119,14.641521,121.062253,14.641113
S. Flores Street,residential,61,121.063119,14.641521,121.06343,14.641068
Antipolo Street,residential,61,121.062253,14.641113,121.062292,14.640569
Kabalitang Street,residential,114,121.062253,14.641113,121.063119,14.641521
Kabalitang Street,residential,78,121.062253,14.641113,121.061623,14.64124
Angeles Street,residential,124,121.061411,14.644896,121.06252,14.6452
"Eugenio Street, Kabalitang Street",residential,185,121.061411,14.644896,121.061635,14.645927
Kabalitang Street,residential,65,121.061411,14.644896,121.061449,14.644314
Madasalin Street,residential,47,121.061185,14.64122,121.061623,14.64124
Madasalin Street,residential,69,121.061185,14.64122,121.06054,14.641177
Maginhawa Street,tertiary,238,121.061185,14.64122,121.061375,14.639086
Maginhawa Street,tertiary,196,121.061185,14.64122,121.06106,14.64298
Eugenio Street,residential,79,121.061775,14.645233,121.061635,14.645927
Kabalitang Street,residential,25,121.061625,14.641468,121.061623,14.64124
Kabalitang Street,residential,258,121.061625,14.641468,121.061507,14.643769
Tiburcio Street Extension,residential,72,121.061625,14.641468,121.062179,14.64167
Madasalin Street,residential,47,121.061623,14.64124,121.061185,14.64122
Kabalitang Street,residential,25,121.061623,14.64124,121.061625,14.641468
Kabalitang Street,residential,78,121.061623,14.64124,121.062253,14.641113
Tiburcio Street Extension,residential,72,121.062179,14.64167,121.061625,14.641468
P. Francisco Street,residential,14,121.063127,14.644338,121.062999,14.644342
Tiburcio Street,residential,98,121.063127,14.644338,121.062816,14.643573
Saddlebrook Street,residential,8,121.07667,14.659987,121.07662,14.660039
Mactan Street,unclassified,103,121.07667,14.659987,121.077479,14.660431
A. Maria Regidor Street,unclassified,166,121.072011,14.651414,121.07283,14.652558
Magsaysay Avenue,unclassified,31,121.074514,14.65757,121.074224,14.657565
Tandang Sora Avenue,primary,322,121.074514,14.65757,121.076274,14.659773
Juan Luna Street,residential,78,121.071763,14.662893,121.072471,14.663049
Juan Luna Street,residential,56,121.071763,14.662893,121.071264,14.662835
Gomburza Street,residential,78,121.071763,14.662893,121.071994,14.662245
E. de los Reyes Street,unclassified,63,121.064348,14.64914,121.064326,14.648575
E. de los Reyes Street,unclassified,118,121.064348,14.64914,121.064388,14.650203
White House Street,residential,115,121.064348,14.64914,121.063283,14.649075
Emilio Jacinto Street,unclassified,97,121.062323,14.649605,121.062321,14.648734
Emilio Jacinto Street,unclassified,66,121.062323,14.649605,121.062324,14.6502
Plaza Hernandez Street,residential,120,121.062323,14.649605,121.063283,14.649075
E. de los Reyes Street,unclassified,63,121.064326,14.648575,121.064348,14.64914
Plaza Hernandez Street,residential,43,121.064326,14.648575,121.063933,14.64864
E. de los Reyes Street,unclassified,98,121.064326,14.648575,121.06429,14.64769
Plaza Hernandez Street,residential,85,121.063283,14.649075,121.063933,14.64864
Plaza Hernandez Street,residential,120,121.063283,14.649075,121.062323,14.649605
White House Street,residential,115,121.063283,14.649075,121.064348,14.64914
Plaza Hernandez Street,residential,43,121.063933,14.64864,121.064326,14.648575
Plaza Hernandez Street,residential,85,121.063933,14.64864,121.063283,14.649075
Unnamed Pathway,residential,77,121.063933,14.64864,121.063517,14.648112
Mabini Street,residential,71,121.073529,14.660867,121.073304,14.661423
Plaza Street Extension,residential,66,121.077211,14.651132,121.076875,14.650637
Plaza Street,residential,20,121.077211,14.651132,121.07706,14.65123
Unnamed Pathway,unclassified,18,121.062876,14.637314,121.062884,14.637155
Osmeña Avenue,tertiary,220,121.070634,14.656143,121.068592,14.656126
Unnamed Pathway,residential,102,121.055167,14.652876,121.056002,14.653314
Unnamed Pathway,residential,30,121.055167,14.652876,121.055293,14.65264
Unnamed Pathway,residential,44,121.055167,14.652876,121.054981,14.653225
Unnamed Pathway,residential,72,121.055167,14.652876,121.054631,14.652499
Mahabagin Street,residential,62,121.060322,14.644248,121.059747,14.644204
Matimtiman Street,residential,146,121.060322,14.644248,121.06041,14.642938
Mahabagin Street,residential,70,121.060322,14.644248,121.060973,14.644281
Maginhawa Street,tertiary,145,121.060973,14.644281,121.06106,14.64298
Maginhawa Street,tertiary,136,121.060973,14.644281,121.060878,14.645501
A. Roces Senior Avenue,residential,26,121.068645,14.661763,121.068628,14.661532
E. Aguinaldo Street,residential,149,121.068645,14.661763,121.070034,14.661802
A. Roces Senior Avenue,residential,69,121.068645,14.661763,121.068656,14.662379
Daan Tubo,residential,365,121.071789,14.644979,121.07428,14.647055
Unnamed Pathway,primary_link,93,121.072224,14.664474,121.071439,14.66482
Unnamed Pathway,primary_link,68,121.070857,14.664789,121.071455,14.664587
Tandang Sora Avenue,primary,5,121.074367,14.663175,121.074335,14.66321
Commonwealth Avenue,primary,202,121.066431,14.66292,121.064887,14.661894
Central Avenue,secondary,479,121.0642,14.661837,121.059749,14.661924
Central Avenue,secondary,52,121.0642,14.661837,121.064338,14.661509
Arboretum Road,unclassified,39,121.052886,14.658293,121.052658,14.658083
Arboretum Road,unclassified,183,121.052886,14.658293,121.053776,14.659055
Unnamed Pathway,unclassified,11,121.052886,14.658293,121.05289,14.658391
Arboretum Road,unclassified,118,121.052101,14.660366,121.053119,14.659974
Arboretum Road,unclassified,302,121.052101,14.660366,121.04952,14.661401
Unnamed Pathway,unclassified,38,121.052101,14.660366,121.05216,14.660699
Arboretum Road,residential,58,121.052332,14.658476,121.052658,14.658083
Arboretum Road,residential,220,121.052658,14.658083,121.052832,14.656497
Arboretum Road,unclassified,39,121.052658,14.658083,121.052886,14.658293
Arboretum Road,residential,58,121.052658,14.658083,121.052332,14.658476
Mactan Street,unclassified,19,121.076115,14.659698,121.076274,14.659773
Tandang Sora Avenue,primary,324,121.076115,14.659698,121.074224,14.657565
Unnamed Pathway,residential,148,121.070519,14.647278,121.07072,14.646035
Carlos P. Garcia Avenue,secondary,307,121.070519,14.647278,121.073122,14.648255
Carlos P. Garcia Avenue,secondary,167,121.070519,14.647278,121.068968,14.647203
Mactan Street,unclassified,19,121.076274,14.659773,121.076115,14.659698
Mactan Street,unclassified,39,121.076274,14.659773,121.076579,14.659957
Tandang Sora Avenue,primary,300,121.076274,14.659773,121.075102,14.662222
Commonwealth Avenue,primary,431,121.064342,14.66101,121.067662,14.663178
Ylanan Street,unclassified,239,121.064342,14.66101,121.064843,14.658988
Eugenio Street,residential,58,121.061635,14.645927,121.062164,14.646037
Eugenio Street,residential,79,121.061635,14.645927,121.061775,14.645233
"Eugenio Street, Kabalitang Street",residential,185,121.061635,14.645927,121.061411,14.644896
V. Francisco Street,residential,101,121.062164,14.646037,121.06252,14.6452
Eugenio Street,residential,58,121.062164,14.646037,121.061635,14.645927
S. Salvador Street,residential,63,121.062829,14.646356,121.06269,14.646903
I. Francisco Alley,residential,80,121.062829,14.646356,121.062111,14.646181
V. Francisco Street,residential,17,121.062111,14.646181,121.062164,14.646037
I. Francisco Alley,residential,80,121.062111,14.646181,121.062829,14.646356
P. Francisco Street,residential,51,121.061449,14.644314,121.060973,14.644281
Kabalitang Street,residential,65,121.061449,14.644314,121.061411,14.644896
Kabalitang Street,residential,61,121.061449,14.644314,121.061507,14.643769
Ylanan Street,unclassified,147,121.064773,14.656259,121.0648,14.657577
V. Manansala Street,residential,281,121.064655,14.647683,121.064566,14.645155
Carlos P. Garcia Avenue,secondary,41,121.064655,14.647683,121.065029,14.647727
Carlos P. Garcia Avenue,secondary,29,121.064655,14.647683,121.064384,14.64768
Maginhawa Street,tertiary,95,121.054408,14.651739,121.053534,14.651652
Mayaman Street,residential,173,121.054408,14.651739,121.054206,14.650192
Maginhawa Street,tertiary,70,121.054408,14.651739,121.05506,14.651678
Saint Joseph Street,residential,93,121.059749,14.661924,121.059753,14.662765
Central Avenue,secondary,69,121.059749,14.661924,121.05911,14.661937
Central Avenue,secondary,479,121.059749,14.661924,121.0642,14.661837
Magsaysay Avenue,unclassified,122,121.072738,14.657556,121.071606,14.657553
Magsaysay Avenue,unclassified,146,121.072738,14.657556,121.074099,14.657563
F. Ma. Guerrero Street,unclassified,210,121.072738,14.657556,121.072717,14.659448
Maayusin Street,residential,10,121.056984,14.651678,121.05699,14.651768
Visayas Avenue,secondary,16,121.044346,14.661593,121.044313,14.661735
Africa Street,unclassified,153,121.071692,14.652534,121.07166,14.653913
Quirino Avenue,unclassified,328,121.071692,14.652534,121.068644,14.652492
Quirino Avenue,unclassified,122,121.071692,14.652534,121.07283,14.652558
Carlos P. Garcia Avenue,secondary,162,121.060838,14.64713,121.062323,14.647342
Carlos P. Garcia Avenue,secondary,38,121.060838,14.64713,121.060485,14.647174
Unnamed Pathway,tertiary_link,18,121.061565,14.654944,121.061572,14.654785
University Avenue,tertiary,338,121.061565,14.654944,121.058421,14.654892
Pardo de Tavera Street,unclassified,305,121.065984,14.647984,121.066821,14.650377
Carlos P. Garcia Avenue,secondary,220,121.065984,14.647984,121.067873,14.647265
Carlos P. Garcia Avenue,secondary,22,121.065984,14.647984,121.065781,14.647959
M. Roxas Avenue,tertiary,108,121.07166,14.653913,121.07266,14.653933
Dahlia Street,residential,23,121.052636,14.653904,121.052606,14.653702
Dahlia Street,residential,75,121.052636,14.653904,121.052434,14.65454
Commonwealth Avenue,primary,83,121.052606,14.653702,121.051969,14.653285
Commonwealth Avenue,primary,56,121.052111,14.653053,121.052559,14.65331
Unnamed Pathway,primary_link,30,121.052111,14.653053,121.051969,14.653285
Commonwealth Avenue,primary,66,121.058196,14.657443,121.05768,14.657127
Unnamed Pathway,primary_link,135,121.058196,14.657443,121.058954,14.657416
Tandang Sora Avenue,residential,22,121.071254,14.664407,121.071455,14.664443
Tandang Sora Avenue,residential,72,121.071254,14.664407,121.070612,14.664221
Road 31,residential,6,121.071254,14.664407,121.071256,14.664352
Forestry Street Extension,residential,15,121.045893,14.659737,121.045866,14.659607
Unnamed Pathway,tertiary,14,121.075948,14.653496,121.075955,14.653383
H. Ventura Street,tertiary,155,121.075948,14.653496,121.074517,14.653599
Unnamed Pathway,tertiary,10,121.076094,14.65345,121.076043,14.653517
H. Ventura Street,tertiary,39,121.076045,14.65337,121.076392,14.653277
Unnamed Pathway,tertiary,11,121.076045,14.65337,121.076094,14.65345
Unnamed Pathway,tertiary,10,121.075955,14.653383,121.076045,14.65337
Unnamed Pathway,tertiary,11,121.076043,14.653517,121.075948,14.653496
H. Ventura Street,tertiary,93,121.076392,14.653277,121.077215,14.653032
L. Wood Street,residential,7,121.076392,14.653277,121.076416,14.653338
Unnamed Pathway,residential,127,121.054981,14.653225,121.053947,14.652677
Unnamed Pathway,residential,44,121.054981,14.653225,121.055167,14.652876
Unnamed Pathway,residential,30,121.054981,14.653225,121.054853,14.653467
Lucena Street,residential,62,121.046612,14.659325,121.047155,14.659147
Soils Street,residential,20,121.045657,14.66064,121.04566,14.66046
Soils Street,residential,32,121.04566,14.66046,121.045374,14.660397
Soils Street,residential,20,121.04566,14.66046,121.045657,14.66064
Soils Street,residential,18,121.04566,14.66046,121.045755,14.66033
Forestry Street,residential,92,121.045374,14.660397,121.045623,14.659607
Soils Street,residential,32,121.045374,14.660397,121.04566,14.66046
Forestry Street,residential,59,121.045374,14.660397,121.045118,14.660859
Quezon City Ville Street,residential,9,121.051439,14.662109,121.051441,14.662192
Central Avenue,secondary,649,121.051439,14.662109,121.045465,14.66175
Central Avenue,secondary,210,121.051439,14.662109,121.053393,14.662075
Unnamed Pathway,residential,25,121.063648,14.641143,121.06343,14.641068
Unnamed Pathway,residential,44,121.063648,14.641143,121.064024,14.641301
Unnamed Pathway,residential,141,121.063648,14.641143,121.064713,14.641256
Unnamed Pathway,residential,44,121.064024,14.641301,121.063648,14.641143
Unnamed Pathway,residential,25,121.06343,14.641068,121.063648,14.641143
S. Flores Street,residential,143,121.06343,14.641068,121.062292,14.640569
S. Flores Street,residential,61,121.06343,14.641068,121.063119,14.641521
Masaya Street,tertiary,152,121.053584,14.650287,121.053534,14.651652
Maharlika Street,residential,68,121.054206,14.650192,121.053584,14.650287
Maayusin Extension,residential,36,121.057007,14.652092,121.05699,14.651768
Maayusin Extension,residential,41,121.057007,14.652092,121.056976,14.652455
Makatarungan,residential,261,121.057007,14.652092,121.059136,14.651137
Capitol Hills Drive,tertiary,79,121.074999,14.663478,121.074335,14.66321
University Avenue,secondary,109,121.054044,14.654139,121.055025,14.654372
Unnamed Pathway,residential,62,121.054044,14.654139,121.054592,14.653957
Commonwealth Avenue,primary,225,121.054044,14.654139,121.055762,14.655297
San Agustin Street,residential,32,121.053494,14.663418,121.053705,14.663625
"Osmeña Avenue, M. Roxas Avenue",tertiary,257,121.072824,14.654024,121.072755,14.656161
M. Roxas Avenue,tertiary,394,121.064957,14.653821,121.068623,14.65387
A. Maria Regidor Street,unclassified,22,121.072773,14.653833,121.072824,14.654024
A. Maria Regidor Street,unclassified,29,121.072773,14.653833,121.0728,14.653571
Unnamed Pathway,secondary_link,40,121.060485,14.647174,121.060131,14.647103
Carlos P. Garcia Avenue,secondary,38,121.060485,14.647174,121.060838,14.64713
Carlos P. Garcia Avenue,secondary,28,121.060485,14.647174,121.060241,14.647266
Lieutenant J. Francisco Street,residential,18,121.064104,14.644272,121.06408,14.644436
Katipunan Avenue,primary,69,121.074296,14.647677,121.07428,14.647055
Rielinton Street,residential,396,121.074296,14.647677,121.071328,14.646296
Tandang Sora Avenue,residential,4,121.071455,14.664443,121.071489,14.664445
Tandang Sora Avenue,residential,22,121.071455,14.664443,121.071254,14.664407
Tandang Sora Avenue,primary,56,121.072213,14.664331,121.072662,14.664077
Unnamed Pathway,primary_link,86,121.071455,14.664587,121.072213,14.664331
Unnamed Pathway,primary_link,17,121.071455,14.664587,121.071455,14.664443
Unnamed Pathway,primary_link,94,121.071439,14.66482,121.070857,14.664789
Tandang Sora Avenue,residential,77,121.069928,14.664024,121.070612,14.664221
Road 1,residential,123,121.069928,14.664024,121.070029,14.662923
Tandang Sora Avenue,residential,116,121.069928,14.664024,121.068865,14.663953
Tandang Sora Avenue,primary,136,121.075102,14.662222,121.074367,14.663175
Tandang Sora Avenue,primary,136,121.075102,14.662222,121.074367,14.663175
Tandang Sora Avenue,primary,21,121.072662,14.664077,121.072831,14.663992
University Valley Street,residential,89,121.072831,14.663992,121.072517,14.663506
Tandang Sora Avenue,primary,614,121.072831,14.663992,121.076115,14.659698
University Valley Street,residential,89,121.072517,14.663506,121.072831,14.663992
Commonwealth Avenue,primary,165,121.067991,14.66405,121.066727,14.663207
Commonwealth Avenue,primary,46,121.068678,14.664401,121.068339,14.664146
Commonwealth Avenue,primary,84,121.068678,14.664401,121.067991,14.66405
Commonwealth Avenue,primary,45,121.066727,14.663207,121.066431,14.66292
Kalaw Hill,residential,14,121.066727,14.663207,121.066653,14.663311
Unnamed Pathway,primary_link,16,121.068267,14.663916,121.06833,14.663783
Unnamed Pathway,primary_link,10,121.068267,14.663916,121.068203,14.663977
Unnamed Pathway,primary_link,9,121.068203,14.663977,121.068128,14.664008
Unnamed Pathway,primary_link,12,121.068203,14.663977,121.068096,14.663987
Commonwealth Avenue,primary,215,121.068096,14.663987,121.066431,14.66292
Unnamed Pathway,primary_link,99,121.067662,14.663178,121.06833,14.663783
Commonwealth Avenue,primary,155,121.067662,14.663178,121.068865,14.663953
Commonwealth Avenue,primary,129,121.058954,14.657416,121.059941,14.658079
Commonwealth Avenue,primary,238,121.055762,14.655297,121.057585,14.656508
Commonwealth Avenue,primary,179,121.057585,14.656508,121.058954,14.657416
Unnamed Pathway,primary_link,129,121.057585,14.656508,121.05768,14.657127
Pook Palaris Street,residential,55,121.072471,14.663049,121.072947,14.66287
Juan Luna Street,residential,55,121.072471,14.663049,121.072947,14.66287
Juan Luna Street,residential,78,121.072471,14.663049,121.071763,14.662893
Peace Valley Street,residential,119,121.071573,14.663379,121.071489,14.664445
Pook Palaris Street,residential,67,121.073494,14.662184,121.07321,14.662711
E. Aguinaldo Street,residential,43,121.073494,14.662184,121.073865,14.662323
E. Aguinaldo Street,residential,78,121.073494,14.662184,121.07277,14.66222
Unnamed Pathway,unclassified,8,121.077479,14.660431,121.077472,14.660505
Unnamed Pathway,unclassified,8,121.077472,14.660505,121.077479,14.660431
Mactan Street,unclassified,108,121.077472,14.660505,121.07662,14.660039
Unnamed Pathway,residential,3,121.07488,14.659817,121.074882,14.65984
Unnamed Pathway,residential,30,121.07488,14.659817,121.074852,14.659548
Saint Francis Street,residential,81,121.07488,14.659817,121.075634,14.659811
Unnamed Pathway,residential,99,121.074452,14.661782,121.074774,14.66095
Pook Palaris Street,residential,24,121.072947,14.66287,121.073141,14.662755
Juan Luna Street,residential,24,121.072947,14.66287,121.073141,14.662755
Juan Luna Street,residential,55,121.072947,14.66287,121.072471,14.663049
E. Aguinaldo Street,residential,43,121.073865,14.662323,121.073494,14.662184
Tandang Sora Avenue,residential,116,121.068865,14.663953,121.069928,14.664024
Commonwealth Avenue,primary,575,121.059941,14.658079,121.064342,14.66101
Magsaysay Avenue,unclassified,145,121.059941,14.658079,121.061094,14.657679
Soils Street,residential,18,121.045755,14.66033,121.04566,14.66046
Carlos P. Garcia Avenue,secondary,432,121.059136,14.651137,121.060085,14.647397
Carlos P. Garcia Avenue,secondary,407,121.059136,14.651137,121.058424,14.654732
Makatarungan,residential,261,121.059136,14.651137,121.057007,14.652092
Quirino Avenue,unclassified,141,121.07414,14.652584,121.07283,14.652558
Katipunan Avenue,tertiary,472,121.07414,14.652584,121.07415,14.648335
Carlos P. Garcia Avenue,secondary,111,121.07415,14.648335,121.073122,14.648255
Katipunan Avenue,tertiary,112,121.074147,14.65359,121.07414,14.652584
Shuster Street,tertiary,14,121.074147,14.65359,121.074282,14.65359
Unnamed Pathway,tertiary_link,18,121.061572,14.654785,121.061565,14.654944
University Avenue,tertiary,82,121.061572,14.654785,121.062333,14.654799
Unnamed Pathway,residential,4,121.069763,14.644689,121.069785,14.644713
"Aguinaldo Street, Harding Rosas",residential,393,121.069763,14.644689,121.068681,14.642168
Aguinaldo Street,residential,372,121.069763,14.644689,121.067873,14.647265
Unnamed Pathway,primary_link,28,121.068339,14.664146,121.068267,14.663916
Commonwealth Avenue,primary,27,121.068339,14.664146,121.068128,14.664008
Maginhawa Street,tertiary,47,121.055758,14.651579,121.056153,14.651395
Maginhawa Street,tertiary,76,121.055758,14.651579,121.05506,14.651678
Marilag Street,residential,59,121.055758,14.651579,121.056299,14.651672
Castañeda Street,residential,160,121.0657,14.646519,121.065781,14.647959
Carlos P. Garcia Avenue,secondary,22,121.065781,14.647959,121.065984,14.647984
Carlos P. Garcia Avenue,secondary,46,121.065781,14.647959,121.065388,14.647802
Castañeda Street,residential,160,121.065781,14.647959,121.0657,14.646519
Elliptical Road,primary,127,121.051769,14.652174,121.051163,14.653149
Commonwealth Avenue,primary,56,121.051769,14.652174,121.051809,14.652677
Central Avenue,secondary,69,121.05911,14.661937,121.059749,14.661924
Central Avenue,secondary,211,121.05911,14.661937,121.057165,14.661993
Central Avenue,secondary,211,121.057165,14.661993,121.05911,14.661937
Central Avenue,secondary,246,121.057165,14.661993,121.05488,14.662043
Unnamed Pathway,tertiary_link,22,121.06487,14.65365,121.064957,14.653821
E. de los Santos Street,unclassified,76,121.06487,14.65365,121.065169,14.65303
Dumaguete Street,residential,105,121.050001,14.660004,121.049166,14.660497
Unnamed Pathway,residential,161,121.05332,14.65318,121.054648,14.653852
Unnamed Pathway,residential,48,121.054648,14.653852,121.054853,14.653467
Unnamed Pathway,residential,13,121.054648,14.653852,121.054592,14.653957
Unnamed Pathway,residential,161,121.054648,14.653852,121.05332,14.65318
Unnamed Pathway,residential,124,121.052434,14.65454,121.051473,14.654904
Dahlia Street,residential,88,121.052434,14.65454,121.052223,14.655207
Dahlia Street,residential,75,121.052434,14.65454,121.052636,14.653904
Lirio Street,residential,111,121.052223,14.655207,121.052576,14.656139
Dahlia Street,residential,88,121.052223,14.655207,121.052434,14.65454
Dahlia Street,residential,70,121.052223,14.655207,121.051637,14.655428
Dahlia Street,residential,70,121.051637,14.655428,121.052223,14.655207
Botocan Road,residential,804,121.063723,14.636211,121.066862,14.641599
Arboretum Road,unclassified,302,121.04952,14.661401,121.052101,14.660366
Katipunan Avenue,primary,79,121.074517,14.653599,121.074539,14.654311
L. Wood Street,residential,7,121.076416,14.653338,121.076392,14.653277
H. Ventura Street,tertiary,37,121.076416,14.653338,121.076094,14.65345
Pansol Avenue,residential,75,121.074479,14.64737,121.074874,14.647926
Katipunan Avenue,primary,25,121.074479,14.64737,121.074479,14.647598
Pansol Avenue,residential,115,121.074874,14.647926,121.075632,14.648653
Pansol Avenue,residential,56,121.074874,14.647926,121.074479,14.647598
Katipunan Avenue,primary,82,121.074479,14.647598,121.074493,14.648336
Pansol Avenue,residential,319,121.075727,14.648574,121.07782,14.65061
Ibanag Street,residential,128,121.075727,14.648574,121.07571,14.647422
V. Gonzales Street,residential,46,121.061507,14.643769,121.06193,14.643693
Kabalitang Street,residential,61,121.061507,14.643769,121.061449,14.644314
Kabalitang Street,residential,258,121.061507,14.643769,121.061625,14.641468
Unnamed Pathway,residential,66,121.065476,14.641338,121.066039,14.641567
Unnamed Pathway,residential,312,121.065476,14.641338,121.063576,14.639264
Unnamed Pathway,residential,58,121.065476,14.641338,121.065832,14.640942
Rielinton Street,residential,396,121.071328,14.646296,121.074296,14.647677
Marilag Street,residential,8,121.057067,14.651755,121.05699,14.651768
Maningning Street,residential,14,121.059801,14.64169,121.059931,14.641701
Mines Street,residential,35,121.045866,14.659607,121.046149,14.659451
Mines Street,residential,27,121.045866,14.659607,121.045623,14.659607
Mapagkumbaba Street,residential,119,121.063576,14.639264,121.064382,14.63998
Mapagkumbaba Street,residential,124,121.063576,14.639264,121.062442,14.639146
Unnamed Pathway,residential,312,121.063576,14.639264,121.065476,14.641338
Unnamed Pathway,residential,51,121.065832,14.640942,121.066222,14.641199
Unnamed Pathway,residential,42,121.065832,14.640942,121.066168,14.64088
Unnamed Pathway,residential,58,121.065832,14.640942,121.065476,14.641338
Unnamed Pathway,residential,45,121.066222,14.641199,121.066039,14.641567
Unnamed Pathway,residential,51,121.066222,14.641199,121.065832,14.640942
Unnamed Pathway,residential,82,121.066222,14.641199,121.066862,14.641599
Unnamed Pathway,residential,82,121.066862,14.641599,121.066222,14.641199
Botocan Road,residential,804,121.066862,14.641599,121.063723,14.636211
Unnamed Pathway,residential,99,121.066862,14.641599,121.066039,14.641567
Unnamed Pathway,primary_link,167,121.074471,14.646928,121.074307,14.64828
Katipunan Avenue,primary,49,121.074471,14.646928,121.074479,14.64737
"Harding Rosas, Aguinaldo Street",residential,393,121.068681,14.642168,121.069763,14.644689
Redeemer Road,unclassified,63,121.058478,14.662579,121.059005,14.662749
Cotabato Street,residential,72,121.047858,14.658376,121.048294,14.6587
Unnamed Pathway,residential,89,121.062029,14.642903,121.06193,14.643693
V. Gonzales Street,residential,52,121.06193,14.643693,121.06241,14.64361
V. Gonzales Street,residential,46,121.06193,14.643693,121.061507,14.643769
Unnamed Pathway,residential,89,121.06193,14.643693,121.062029,14.642903
Lirio Extension,residential,19,121.052576,14.656139,121.052416,14.656221
Lirio Street,residential,111,121.052576,14.656139,121.052223,14.655207
Lirio Street,residential,51,121.052576,14.656139,121.052832,14.656497
Arboretum Road,residential,220,121.052832,14.656497,121.052658,14.658083
Arboretum Road,residential,260,121.052832,14.656497,121.054227,14.654916
Lirio Street,residential,51,121.052832,14.656497,121.052576,14.656139
Cebu Street Extension,residential,61,121.046231,14.661129,121.046786,14.661004
Dipolog Street,residential,51,121.046786,14.661004,121.046962,14.661428
Dipolog Street,residential,119,121.046786,14.661004,121.046382,14.660003
Cebu Street Extension,residential,61,121.046786,14.661004,121.046231,14.661129
Unnamed Pathway,residential,77,121.063517,14.648112,121.063933,14.64864
M. Dela Cruz Street,residential,97,121.063683,14.643338,121.062883,14.642929
Tiburcio Street,residential,39,121.062883,14.642929,121.063076,14.642629
M. Dela Cruz Street,residential,97,121.062883,14.642929,121.063683,14.643338
Tiburcio Street,residential,78,121.062883,14.642929,121.062816,14.643573
Unnamed Pathway,residential,141,121.064713,14.641256,121.063648,14.641143
Unnamed Pathway,residential,42,121.066168,14.64088,121.065832,14.640942
Unnamed Pathway,residential,66,121.066039,14.641567,121.065476,14.641338
Unnamed Pathway,residential,45,121.066039,14.641567,121.066222,14.641199
Unnamed Pathway,residential,99,121.066039,14.641567,121.066862,14.641599
Unnamed Pathway,residential,83,121.056168,14.652666,121.056939,14.652715
Maayusin Extension,residential,29,121.056939,14.652715,121.056976,14.652455
Maayusin Extension,residential,106,121.056939,14.652715,121.056932,14.653657
Unnamed Pathway,residential,83,121.056939,14.652715,121.056168,14.652666
Unnamed Pathway,residential,88,121.056613,14.653657,121.056002,14.653314
Ricarte Street,residential,59,121.075354,14.659294,121.074806,14.659293
Unnamed Pathway,residential,7,121.074848,14.660591,121.074838,14.660653
Unnamed Pathway,residential,21,121.074848,14.660591,121.074872,14.6604
Unnamed Pathway,residential,50,121.074848,14.660591,121.075311,14.660607
Unnamed Pathway,residential,50,121.075311,14.660607,121.074848,14.660591
Makadios Street,residential,41,121.063413,14.637116,121.06303,14.637151
R. P. de Guzman Street,unclassified,34,121.060783,14.656936,121.061102,14.656945
Magiting Street,tertiary,31,121.060131,14.647103,121.059943,14.646893
Arboretum Road,residential,260,121.054227,14.654916,121.052832,14.656497
Commonwealth Avenue,primary,221,121.054227,14.654916,121.052606,14.653702
Forestside Villas Street,residential,7,121.053396,14.66214,121.053393,14.662075
Quezon City Ville Street,residential,9,121.051441,14.662192,121.051439,14.662109
Road 31,residential,6,121.071256,14.664352,121.071254,14.664407
Vic Valley Street,residential,9,121.071983,14.664226,121.071974,14.664311
Unnamed Pathway,residential,99,121.074774,14.66095,121.074452,14.661782
Unnamed Pathway,residential,34,121.074774,14.66095,121.074838,14.660653
Fatima 2 Street,residential,34,121.074774,14.66095,121.074458,14.660955
Fatima 2 Street,residential,34,121.074458,14.660955,121.074774,14.66095
Katipunan Avenue,primary,20,121.074306,14.648511,121.074308,14.648335
Unnamed Pathway,primary_link,26,121.074306,14.648511,121.07415,14.648335
Masaya Street,tertiary,221,121.052559,14.65331,121.053534,14.651652
Commonwealth Avenue,primary,185,121.052559,14.65331,121.054044,14.654139
A. D. Williams Street,residential,8,121.077215,14.653032,121.077236,14.653099
H. Ventura Street,tertiary,92,121.077236,14.653099,121.076416,14.653338
A. D. Williams Street,residential,8,121.077236,14.653099,121.077215,14.653032
A. D. Williams Street,residential,99,121.077236,14.653099,121.077962,14.653639
Unnamed Pathway,residential,72,121.054631,14.652499,121.055167,14.652876
Unnamed Pathway,residential,4,121.069785,14.644713,121.069763,14.644689
Cotabato Street,residential,8,121.049196,14.660566,121.049166,14.660497
J. P. Laurel Street,residential,19,121.064852,14.635844,121.064816,14.636007
J. P. Laurel Street,residential,15,121.064852,14.635844,121.064887,14.635725
Road 3,tertiary,44,121.04341,14.661904,121.043319,14.662293
Road 9,residential,25,121.04341,14.661904,121.043333,14.661691
Road 3,tertiary,138,121.04341,14.661904,121.043689,14.660697
Lirio Extension,residential,19,121.052416,14.656221,121.052576,14.656139
Unnamed Pathway,primary_link,16,121.06833,14.663783,121.068267,14.663916
Unnamed Pathway,primary_link,66,121.06833,14.663783,121.06883,14.664132
Unnamed Pathway,primary_link,15,121.068128,14.664008,121.067991,14.66405
Commonwealth Avenue,primary,4,121.068128,14.664008,121.068096,14.663987
Unnamed Pathway,unclassified,88,121.067322,14.663763,121.066653,14.663311
Kalaw Hill,residential,5,121.066653,14.663311,121.066627,14.663347
Kalaw Hill,residential,14,121.066653,14.663311,121.066727,14.663207
Unnamed Pathway,unclassified,88,121.066653,14.663311,121.067322,14.663763
Pook Palaris Street,residential,9,121.07321,14.662711,121.073141,14.662755
Pook Palaris Street,residential,67,121.07321,14.662711,121.073494,14.662184
E. Aguinaldo Street,residential,44,121.07321,14.662711,121.073495,14.662986
E. Aguinaldo Street,residential,44,121.073495,14.662986,121.07321,14.662711
Unnamed Pathway,residential,7,121.062321,14.648734,121.062258,14.648734
Emilio Jacinto Street,unclassified,125,121.062321,14.648734,121.062332,14.647615
Emilio Jacinto Street,unclassified,97,121.062321,14.648734,121.062323,14.649605
Tandang Sora Avenue,residential,55,121.071489,14.664445,121.071974,14.664311
Peace Valley Street,residential,119,121.071489,14.664445,121.071573,14.663379
Magsaysay Avenue,unclassified,146,121.074099,14.657563,121.072738,14.657556
Magsaysay Avenue,unclassified,13,121.074099,14.657563,121.074224,14.657565
Dagohoy Street,residential,194,121.074099,14.657563,121.073994,14.659295
Saint Mary Street,residential,41,121.05898,14.662381,121.059005,14.662749
J. P. Laurel Street,residential,15,121.064887,14.635725,121.064852,14.635844
Unnamed Pathway,residential,148,121.07072,14.646035,121.070519,14.647278
Tandang Sora Avenue,primary,269,121.074335,14.66321,121.072224,14.664474
Capitol Hills Drive,tertiary,79,121.074335,14.66321,121.074999,14.663478
Visayas Avenue,secondary,15,121.044376,14.661465,121.044346,14.661593
Central Avenue,secondary,33,121.044376,14.661465,121.044653,14.661582
Central Avenue,secondary,33,121.044653,14.661582,121.044346,14.661593
Central Avenue,secondary,89,121.044653,14.661582,121.045465,14.66175
Cotabato Street,residential,4,121.048703,14.659596,121.048685,14.659562
Cotabato Street,residential,49,121.048703,14.659596,121.048912,14.659993
Legazpi Street,residential,193,121.048703,14.659596,121.050299,14.658806
Road 1,secondary,74,121.043967,14.659617,121.044643,14.659759
Road 1,secondary,5,121.043967,14.659617,121.043925,14.65961
Carlos P. Garcia Avenue,secondary,6,121.062376,14.647355,121.062323,14.647342
Carlos P. Garcia Avenue,secondary,210,121.062376,14.647355,121.06429,14.64769
Emilio Jacinto Street,unclassified,29,121.062376,14.647355,121.062332,14.647615
Emilio Jacinto Street,unclassified,125,121.062332,14.647615,121.062321,14.648734
Emilio Jacinto Street,unclassified,31,121.062332,14.647615,121.062323,14.647342
Unnamed Pathway,residential,7,121.062258,14.648734,121.062321,14.648734
Maranao Street,residential,7,121.075536,14.64619,121.07554,14.646248
Maranao Street,residential,7,121.07554,14.646248,121.075536,14.64619
Mangyan Street,residential,114,121.07554,14.646248,121.074483,14.646348
Ibanag Street,residential,134,121.07554,14.646248,121.07571,14.647422
Katipunan Avenue,primary,8,121.074492,14.646275,121.074483,14.646348
Mangyan Street,residential,113,121.074492,14.646275,121.075536,14.64619
Commonwealth Avenue,primary,55,121.051809,14.652677,121.052111,14.653053
Commonwealth Avenue,primary,33,121.051468,14.653117,121.051163,14.653149
Unnamed Pathway,primary_link,68,121.051468,14.653117,121.051809,14.652677
Katipunan Avenue,primary,25,121.074307,14.64828,121.074303,14.648054
Arboretum Road,unclassified,127,121.053119,14.659974,121.053776,14.659055
Arboretum Road,unclassified,118,121.053119,14.659974,121.052101,14.660366
Unnamed Pathway,unclassified,211,121.053119,14.659974,121.054221,14.661071
Unnamed Pathway,unclassified,7,121.054221,14.661071,121.054244,14.66113
Unnamed Pathway,unclassified,6,121.054221,14.661071,121.054181,14.661107
Unnamed Pathway,unclassified,211,121.054221,14.661071,121.053119,14.659974
Unnamed Pathway,unclassified,7,121.054244,14.66113,121.054221,14.661071
Unnamed Pathway,unclassified,7,121.054244,14.66113,121.054181,14.661107
Unnamed Pathway,unclassified,48,121.054244,14.66113,121.054372,14.66147
Unnamed Pathway,unclassified,28,121.054184,14.661645,121.054372,14.66147
Unnamed Pathway,unclassified,22,121.053989,14.661161,121.054181,14.661107
Unnamed Pathway,unclassified,6,121.054181,14.661107,121.054221,14.661071
Unnamed Pathway,unclassified,7,121.054181,14.661107,121.054244,14.66113
Unnamed Pathway,unclassified,22,121.054181,14.661107,121.053989,14.661161
Unnamed Pathway,unclassified,28,121.054372,14.66147,121.054184,14.661645
Unnamed Pathway,unclassified,48,121.054372,14.66147,121.054244,14.66113
Unnamed Pathway,unclassified,60,121.054372,14.66147,121.054706,14.661841
Unnamed Pathway,unclassified,60,121.054706,14.661841,121.054372,14.66147
Unnamed Pathway,unclassified,19,121.05216,14.660699,121.052111,14.660867
Unnamed Pathway,unclassified,38,121.05216,14.660699,121.052101,14.660366
Unnamed Pathway,unclassified,36,121.05216,14.660699,121.052493,14.660695
Unnamed Pathway,unclassified,19,121.052111,14.660867,121.05216,14.660699
Unnamed Pathway,unclassified,36,121.052493,14.660695,121.05216,14.660699
Arboretum Road,unclassified,183,121.053776,14.659055,121.052886,14.658293
Arboretum Road,unclassified,127,121.053776,14.659055,121.053119,14.659974
Unnamed Pathway,unclassified,24,121.053776,14.659055,121.053946,14.659196
Unnamed Pathway,unclassified,24,121.053946,14.659196,121.053776,14.659055
Unnamed Pathway,unclassified,11,121.05289,14.658391,121.052886,14.658293
Unnamed Pathway,unclassified,113,121.064531,14.658624,121.063862,14.658992
